MIP_Gap,Load_Time,Creation_time,Execution_Time,Cost,Unavailability
0.0,0.003850416,1.052631917,572.755576375,"[5.213, 5.212999848616172, 5.212999895272462, 5.212999932615013, 5.212999934886876, 5.212999943711544, 5.212999969013002, 5.213, 5.231600000000002, 5.231600000000003]","[0.05833333333333334, 0.05833333333925545, 0.0583333276826484, 0.058333330582875646, 0.05833333333333334, 0.05833333333333334, 0.05833333333333336, 0.05833333333333334, 0.0625, 0.0625]"
