MIP_Gap,Load_Time,Creation_time,Execution_Time,Cost,Unavailability
0.0,0.0208205,21.791221542,1013.897008625,"[198.32980000000006, 198.3374000000002, 199.40140000000022, 201.00350000000023, 202.3967999999998, 202.4252999999999, 202.4252999999999, 203.1908000000001, 206.01130000000038, 208.42559999999986]","[0.0637500000000001, 0.0637500000000001, 0.0637500000000001, 0.0637500000000001, 0.0637500000000001, 0.0637500000000001, 0.06400000000000011, 0.06400000000000011, 0.06400000000000011, 0.06400000000000011]"
