MIP_Gap,Load_Time,Creation_time,Execution_Time,Cost,Unavailability
0.0,4.1084673,1028.285307,1212.1341708,"[198.5749000000001, 198.57870000000008, 199.15740000000005, 200.6515999999999, 204.7363999999998, 205.6135999999997, 206.23899999999975, 206.30399999999972, 207.46139999999974, 207.98729999999978]","[0.06400000000000011, 0.06400000000000011, 0.06400000000000011, 0.06400000000000011, 0.06400000000000011, 0.06400000000000011, 0.06400000000000011, 0.06400000000000011, 0.06400000000000011, 0.06400000000000011]"
