MIP_Gap,Load_Time,Creation_time,Execution_Time,Cost,Unavailability
0.0,0.014091583,20.614283584,1010.234319417,"[198.32980000000006, 198.3374000000002, 199.40140000000022, 201.00350000000023, 202.3967999999998, 202.4252999999999, 202.4252999999999, 203.1908000000001, 206.01130000000038, 208.42559999999986]","[0.0637500000000001, 0.0637500000000001, 0.0637500000000001, 0.0637500000000001, 0.0637500000000001, 0.0637500000000001, 0.06400000000000011, 0.06400000000000011, 0.06400000000000011, 0.06400000000000011]"
0.05,0.018954625,21.593440916,1009.116612375,"[198.32980000000006, 198.3374000000002, 199.40140000000022, 201.00350000000023, 202.3967999999998, 202.4252999999999, 202.4252999999999, 203.1908000000001, 206.01130000000038, 208.42559999999986]","[0.0637500000000001, 0.0637500000000001, 0.0637500000000001, 0.0637500000000001, 0.0637500000000001, 0.0637500000000001, 0.06400000000000011, 0.06400000000000011, 0.06400000000000011, 0.06400000000000011]"
0.1,0.017419083,21.472644083,301.193386584,"[208.47230000000002, 222.38760000000013, 223.06580000000014, 223.38260000000008, 243.93159999999992, 2164.7000000000003, 3370.0]","[0.06400000000000011, 0.06400000000000011, 0.06400000000000011, 0.06400000000000011, 0.06400000000000011, 0.0, 0.0]"
0.25,0.016907459,21.136390042,297.648608292,"[243.93159999999992, 2164.7000000000003, 3370.0]","[0.06400000000000011, 0.0, 0.0]"
