MIP_Gap,Load_Time,Creation_time,Execution_Time,Cost,Unavailability
0.0,0.013450917,0.411800166,1.357169041,"[13.311200000000007, 13.350000000000012, 17.83520000000001, 55.235199999999914]","[0.05, 0.03333333333333333, 0.016666666666666666, 0.016666666666666666]"
