MIP_Gap,Load_Time,Creation_time,Execution_Time,Cost,Unavailability
0.0,6.3449018,126.9960903,1040.3879159,"[24.105699999999956, 24.105699959062747, 24.105699974255558, 24.10569999999995, 24.105699999999956, 24.105699934110262, 24.1057, 24.5691, 727.0799999999999]","[0.07222222222222219, 0.07222222271986618, 0.07222222222222219, 0.07222222222222219, 0.07222222222222219, 0.07499999999999997, 0.07499999999999997, 0.07499999999999997, 0.0]"
0.05,0.0968038,106.0309722,44.0303152,"[24.5691, 727.0799999999999, 1121.8]","[0.07499999999999997, 0.0, 0.0]"
0.1,0.084563,99.8614603,40.4557952,"[24.5691, 727.0799999999999, 1121.8]","[0.07499999999999997, 0.0, 0.0]"
0.25,0.0164174,96.7077272,39.925832,"[24.5691, 727.0799999999999, 1121.8]","[0.07499999999999997, 0.0, 0.0]"
0.5,0.1836059,97.6147321,41.8084692,"[24.5691, 727.0799999999999, 1121.8]","[0.07499999999999997, 0.0, 0.0]"
0.75,0.0870715,102.546988,46.5143039,"[24.5691, 727.0799999999999, 1121.8]","[0.07499999999999997, 0.0, 0.0]"
