MIP_Gap,Load_Time,Creation_time,Execution_Time,Cost,Unavailability
0.0,4.1752425,1030.9165192,1279.8347909,"[389.0840397957678, 396.6846399999987, 397.60551999999876, 399.9230199999996, 400.2236199999995, 400.37391999999915, 400.89221999999893, 401.04251999999894, 401.8344199999988, 403.3374199999992]","[0.05779999999999814, 0.057800000000000025, 0.057600000000000026, 0.05940000000000001, 0.05940000000000001, 0.05940000000000001, 0.05940000000000001, 0.05940000000000001, 0.05940000000000001, 0.05940000000000001]"
