MIP_Gap,Load_Time,Creation_time,Execution_Time,Cost,Unavailability
0.0,0.046475584,23.957468834,1012.791942792,"[367.13503983481246, 367.13503994624296, 368.1934399462438, 368.23473994624413, 4850.04, 5072.724560000001]","[0.057799999999992566, 0.057800000000000025, 0.057800000000000025, 0.057800000000000025, 0.0, 0.0]"
