MIP_Gap,Min_Time_ms,Mean_Time_ms,Max_Time_ms,Median_Time_ms,Memory_Allocations,Memory_Usage_bytes,GC_Time_ms,GC_Percentage,Throughput_Ops_sec
0.0,2339.9367,2514.6931666666665,2725.7802,2478.3626,66501792,3000383,0.0,0.0,0.3976628295075629
0.05,2261.803,2323.0023333333334,2410.3267,2296.8773,66502944,3000443,0.0,0.0,0.43047739799945667
0.1,2288.2544,2344.4518333333335,2409.3015,2335.7996,66502080,3000398,0.0,0.0,0.42653894005499937
0.25,2240.5411,2280.8255333333336,2332.106,2269.8295,66501312,3000358,0.0,0.0,0.43843774343342284
