MIP_Gap,Min_Time_ms,Mean_Time_ms,Max_Time_ms,Median_Time_ms,Memory_Allocations,Memory_Usage_bytes,GC_Time_ms,GC_Percentage,Throughput_Ops_sec
0.0,2236.8003,2252.4344,2269.1087,2251.3942,47905920,2161448,0.0,0.0,0.4439640950253646
0.05,2014.6297,2042.3176333333333,2067.5617,2044.7615,47832960,2157648,0.0,0.0,0.48963980121342215
0.1,2163.4562,2231.0259666666666,2299.4118,2230.2099,47833248,2157663,0.0,0.0,0.4482242766067313
0.25,2090.6684,2201.3879666666667,2388.5154,2124.9801,47834496,2157728,0.0,0.0,0.4542588653803701
