MIP_Gap,Min_Time_ms,Mean_Time_ms,Max_Time_ms,Median_Time_ms,Memory_Allocations,Memory_Usage_bytes,GC_Time_ms,GC_Percentage,Throughput_Ops_sec
0.0,6726.1781,6726.1781,6726.1781,6726.1781,98645568,4458110,0.0,0.0,0.14867283992970687
0.05,4546.7425,4576.24005,4605.7376,4576.24005,97690560,4408370,0.0,0.0,0.21852000530435461
0.1,4474.539,4559.6514,4644.7638,4559.6514,97689984,4408340,0.0,0.0,0.21931501166953246
0.25,4474.7755,4538.6425,4602.5095,4538.6425,97689984,4408340,0.0,0.0,0.2203301978510094
