MIP_Gap,Load_Time,Creation_time,Execution_Time,Cost,Unavailability
0.0,4.2929104,963.6270885,1215.8788109,"[703.3876397607818, 703.9026397044249, 704.3174400000009, 704.7032400000006, 704.8961400000006, 705.474839739161, 705.4748398108565, 705.4748400000011, 705.8606400000015, 706.0535400000014]","[0.07499999999999994, 0.07499999999999994, 0.07499999999999994, 0.07499999999999994, 0.07499999999999994, 0.07499999999999994, 0.07499999999999994, 0.07499999999999994, 0.07499999999999994, 0.07499999999999994]"
