MIP_Gap,Load_Time,Creation_time,Execution_Time,Cost,Unavailability
0.0,0.0159795,18.605611833,1920.151572584,[5983.3618000000015],[0.0]
0.05,0.015756291,18.373598542,1007.990755333,[5983.3618000000015],[0.0]
0.1,0.015965625,19.086838791,1049.190543084,[5983.3618000000015],[0.0]
0.25,0.01409625,18.363818917,1923.072680458,[5983.3618000000015],[0.0]
