MIP_Gap,Load_Time,Creation_time,Execution_Time,Cost,Unavailability
0.0,0.046148125,21.891461375,1010.383749917,"[694.2632395108915, 694.2632396875031, 698.6641397842533, 700.965939784253, 704.5625398956242, 705.0775398956242, 705.2285400000028, 705.4923400000027, 706.1760400000028, 706.3689400000023]","[0.07599999999999994, 0.07599999999999994, 0.07599999999999994, 0.07699999999999996, 0.07799999999999997, 0.07799999999999997, 0.07799999999999997, 0.07799999999999997, 0.07799999999999997, 0.07799999999999997]"
