MIP_Gap,Load_Time,Creation_time,Execution_Time,Cost,Unavailability
0.0,0.646987625,50.046342084,1031.350037458,"[847.4265988472442, 854.7933999999981, 855.9473999999973, 856.8074999999973, 857.1932999999975, 857.3413999999973, 857.6280999999973, 858.5904998790671, 859.5551999999982, 860.5143999999981]","[0.06149999998600459, 0.061500000000000166, 0.061500000000000166, 0.061500000000000166, 0.061500000000000166, 0.061500000000000166, 0.061500000000000166, 0.061500000000000166, 0.061500000000000166, 0.061500000000000166]"
