MIP_Gap,Load_Time,Creation_time,Execution_Time,Cost,Unavailability
0.0,0.583654916,45.331666958,1026.030131583,"[840.2689988471506, 847.4265988503232, 854.7933999999981, 855.9473999999973, 856.8074999999973, 857.1932999999975, 857.3413999999973, 857.6280999999973, 858.5904998790671, 859.5551999999982]","[0.0620999999860046, 0.061500000415209, 0.061500000000000166, 0.061500000000000166, 0.061500000000000166, 0.061500000000000166, 0.061500000000000166, 0.061500000000000166, 0.061500000000000166, 0.061500000000000166]"
