MIP_Gap,Min_Time_ms,Mean_Time_ms,Max_Time_ms,Median_Time_ms,Memory_Allocations,Memory_Usage_bytes,GC_Time_ms,GC_Percentage,Throughput_Ops_sec
0.0,6957.4633,6957.4633,6957.4633,6957.4633,35495424,1601896,0.0,0.0,0.14373054616040878
0.05,6523.7528,6523.7528,6523.7528,6523.7528,35409600,1597426,0.0,0.0,0.15328600433787132
0.1,6413.6276,6413.6276,6413.6276,6413.6276,35407968,1597341,0.0,0.0,0.15591800184968643
0.25,5830.411,5830.411,5830.411,5830.411,35400672,1596961,0.0,0.0,0.17151449529029772
