MIP_Gap,Load_Time,Creation_time,Execution_Time,Cost,Unavailability
0.0,0.059144041,42.993085875,1026.3578285,"[977.7023998907117, 979.0501997927909, 981.1667999999992, 981.2635999999992, 981.4138999999993, 981.7670000000002, 982.1072000000004, 983.5904000000015, 984.4004000000023, 986.4130000000021]","[0.07992500000000011, 0.07992500000000011, 0.07992500000000011, 0.07992500000000011, 0.07992500000000011, 0.07992500000000011, 0.07992500000000011, 0.07992500000000011, 0.07992500000000011, 0.07992500000000011]"
