MIP_Gap,Load_Time,Creation_time,Execution_Time,Cost,Unavailability
0.0,0.660788875,51.179678833,1031.790992333,"[1155.8712400000018, 1156.0215398518562, 1156.021540000002, 1156.249440000002, 1156.4745398518787, 1156.5514400000018, 1156.5521400000027, 1156.7024400000018, 1156.8534400000026, 1157.110940000002]","[0.0620000000000001, 0.0620000000000001, 0.0620000000000001, 0.0620000000000001, 0.0620000000000001, 0.0620000000000001, 0.0620000000000001, 0.0620000000000001, 0.0620000000000001, 0.0620000000000001]"
0.05,0.035771792,43.14655575,1023.427093166,"[1157.5232400000032, 1157.8252391693497, 1158.230740000003, 1158.3070400000022, 1158.4999400000029, 1158.7764400000024, 1158.9753400000034, 1159.2715400000031, 1159.419640000003, 1159.7404400000028]","[0.0625000000000001, 0.0625000000000001, 0.0620000000000001, 0.0620000000000001, 0.0620000000000001, 0.0625000000000001, 0.0620000000000001, 0.0620000000000001, 0.0620000000000001, 0.0620000000000001]"
0.1,0.038809708,41.914047042,547.728128208,"[1210.0085400000003, 1210.991440000001, 1221.4776399999996, 1226.5886400000004, 1226.7018399999993, 1226.7962399999992, 1228.217239999999, 1228.6030399999988, 11187.810919999998]","[0.0625000000000001, 0.0620000000000001, 0.0625000000000001, 0.0620000000000001, 0.0625000000000001, 0.0625000000000001, 0.0625000000000001, 0.0625000000000001, 0.0]"
0.25,0.06885025,41.248484459,505.237576417,"[1228.6030399999988, 11187.810919999998]","[0.0625000000000001, 0.0]"
0.5,0.054154084,41.906400209,484.081234791,"[1228.6030399999988, 11187.810919999998]","[0.0625000000000001, 0.0]"
0.75,0.047269167,41.709778791,483.354958792,"[1228.6030399999988, 11187.810919999998]","[0.0625000000000001, 0.0]"
