MIP_Gap,Load_Time,Creation_time,Execution_Time,Cost,Unavailability
0.0,0.030623208,39.456952,1022.270249792,"[1155.8712400000018, 1156.0215398518562, 1156.021540000002, 1156.249440000002, 1156.4745398518787, 1156.5514400000018, 1156.5521400000027, 1156.7024400000018, 1156.8534400000026, 1157.110940000002]","[0.0620000000000001, 0.0620000000000001, 0.0620000000000001, 0.0620000000000001, 0.0620000000000001, 0.0620000000000001, 0.0620000000000001, 0.0620000000000001, 0.0620000000000001, 0.0620000000000001]"
