MIP_Gap,Load_Time,Creation_time,Execution_Time,Cost,Unavailability
0.0,7.8389191,46.6188976,13.4449943,"[5.1754999999999995, 12.789499999999995, 150.4894999999998]","[0.09999999999999998, 0.049999999999999996, 0.049999999999999996]"
0.05,0.0135306,26.5508093,9.1363798,"[5.1754999999999995, 12.789499999999995, 150.4894999999998]","[0.09999999999999998, 0.049999999999999996, 0.049999999999999996]"
0.1,0.0110951,24.9446582,9.1079203,"[5.1754999999999995, 12.789499999999995, 150.4894999999998]","[0.09999999999999998, 0.049999999999999996, 0.049999999999999996]"
0.25,0.0141623,23.0601384,8.9069701,"[5.1754999999999995, 12.789499999999995, 150.4894999999998]","[0.09999999999999998, 0.049999999999999996, 0.049999999999999996]"
0.5,0.0114905,23.7626539,8.4131194,"[5.1754999999999995, 12.789499999999995, 150.4894999999998]","[0.09999999999999998, 0.049999999999999996, 0.049999999999999996]"
0.75,0.0119343,25.4392936,8.9532793,"[12.789499999999995, 150.4894999999998]","[0.049999999999999996, 0.049999999999999996]"
