MIP_Gap,Load_Time,Creation_time,Execution_Time,Cost,Unavailability
0.0,0.028792542,0.62751075,1.315308625,"[5.1754999999999995, 12.78949999999999, 150.4894999999998]","[0.09999999999999998, 0.049999999999999996, 0.049999999999999996]"
