MIP_Gap,Min_Time_ms,Mean_Time_ms,Max_Time_ms,Median_Time_ms,Memory_Allocations,Memory_Usage_bytes,GC_Time_ms,GC_Percentage,Throughput_Ops_sec
0.0,51139.2596,51139.2596,51139.2596,51139.2596,235970112,10656606,0.0,0.0,0.019554448144571884
0.05,20066.8156,20066.8156,20066.8156,20066.8156,235200576,10616526,0.0,0.0,0.04983351718246715
0.1,18683.1214,18683.1214,18683.1214,18683.1214,235189920,10615971,0.0,0.0,0.05352424675675446
0.25,17982.1218,17982.1218,17982.1218,17982.1218,235187040,10615821,0.0,0.0,0.05561079004592216
