MIP_Gap,Load_Time,Creation_time,Execution_Time,Cost,Unavailability
0.0,5.6713793,30.9396789,13.208539,"[0.5227, 0.5226999999999999, 0.5516000000000002, 0.6297000000000001, 0.6586000000000002, 85.65999999999995]","[0.075, 0.075, 0.05, 0.075, 0.05, 0.025]"
0.05,0.0164437,12.0072403,8.9357758,"[0.5226999999999999, 0.5226999999999999, 0.5516, 0.6297000000000001, 0.6586000000000002, 85.65999999999995]","[0.075, 0.075, 0.05, 0.075, 0.05, 0.025]"
0.1,0.0176479,12.3594429,8.6899995,"[0.5227, 0.5227, 0.5516000000000002, 0.6297000000000001, 0.6586000000000002, 85.65999999999995]","[0.075, 0.075, 0.05, 0.075, 0.05, 0.025]"
0.25,0.021493,12.2494569,9.0479106,"[0.5516000000000002, 0.6297000000000001, 0.6586000000000002, 85.65999999999995]","[0.05, 0.075, 0.05, 0.025]"
0.5,0.0168405,11.6290745,7.8297995,"[0.6586000000000002, 85.65999999999995]","[0.05, 0.025]"
0.75,0.0213594,11.6846673,7.7672661,"[0.6586000000000002, 85.65999999999995]","[0.05, 0.025]"
