MIP_Gap,Load_Time,Creation_time,Execution_Time,Cost,Unavailability
0.0,2.519457417,4.854524875,4.289046375,"[0.5227, 0.5226999999999999, 0.5516, 0.5516000000000002, 0.6297000000000001, 0.6586000000000002, 85.65999999999995]","[0.075, 0.075, 0.05, 0.05, 0.075, 0.05, 0.025]"
