MIP_Gap,Load_Time,Creation_time,Execution_Time,Cost,Unavailability
0.0,0.015045042,20.508817291,1258.325956917,[5776.179400000001],[0.0]
0.05,0.016657583,21.348069334,1058.490467,[5776.179400000001],[0.0]
0.1,0.015599125,21.508249209,1615.709164917,[5776.179400000001],[0.0]
0.25,0.015510709,20.791736,1919.233917916,[5776.179400000001],[0.0]
