MIP_Gap,Load_Time,Creation_time,Execution_Time,Cost,Unavailability
0.0,0.022197833,23.162919042,1010.603955417,"[558.5953000000006, 558.788200000001, 559.3669000000008, 560.9101000000006, 562.879, 563.3888000000002, 563.5817000000002, 563.7746000000002, 564.1604000000002, 564.5462000000003]","[0.07720000000000017, 0.07720000000000017, 0.07720000000000017, 0.07720000000000017, 0.07720000000000017, 0.07920000000000015, 0.07920000000000015, 0.07920000000000015, 0.07920000000000015, 0.07920000000000015]"
